{"cameraMode":{"drawMode":0,"name":"Shaded","section":"Shading Mode"},"sceneLighting":true,"audioPlay":false,"sceneViewState":{"m_AlwaysRefresh":false,"showFog":true,"showSkybox":false,"showFlares":true,"showImageEffects":true,"showParticleSystems":true,"showVisualEffectGraphs":true,"m_FxEnabled":true},"in2DMode":false,"pivot":{"x":-0.7459167242050171,"y":1.857683539390564,"z":-16.015962600708009},"rotation":{"x":0.0031681032851338388,"y":-0.9959386587142944,"z":0.039166003465652469,"w":0.08026519417762757},"size":1.5505499839782715,"orthographic":false}